id_int,id_hash
1,AAAAAAAAAAAAAAAAAAAAAAAA
2,Y546CAL2FJSIVXNXJWJNGATV
3,GTMWOIPTWIF6ILYNEBGWTDRO
5,F65XGYSSLMUEJC2Q4T3BLCPS
6,LPHAMZXQ3BT6INJWOLKUYGWU
7,KT6LT7RJM7ROU6KBJOTWGU5X
8,RIBLHRV4YSJAGJ5EVZV4GS2Z
9,MU4LZLKCEF7Q67JF6ZEMKX3R
10,IROSGRAECON7XFWB774QFHDN
11,FEQLSWI73YICHNTDWNWMD3JQ
13,EYZO6ZFFY6I7ZU7RR4A7A64Y
15,J4R6BDENZAM7XVDGVEEHZB2Y
17,YETYK72PRB3MT456E3R3XHBM
18,E2T2HCM4X7QXVS4LL4JVBPPK
19,HPZ6LL7T2WJIC44FKRYGWFQ6
20,SOJ5J6FNXPWDFJNGJGPS2QRA
21,4CPIGDAOCCI5BMKFFN3C7RIM
22,HRPPCVKCIQDPTKAL4P4W6CV7
23,CKAYQ42GR5EX6WJLHMEET7FX
25,7M4BGWDEABIQBOJEBD7LO4YZ
27,67IIUGVPORSPZSAXSJ6T72RE
29,7XFWG4QIVYMSCYRLUISH6MBY
31,ZUAEFEJPIFGA5SNZGJWBG3IU
32,YU43TGF6RSKW2WJOQIFYBQO4
33,AADADFAEMFE2AOMR24EUYNFH
34,FICEQDRJCNKWHHGNCRVDDP5D
35,SCFYH7235HZBUM2XBV52IUHT
36,E74IDV7HCE4GDGQ2TWFM7I3H
37,VQJTWYI3STDVOHG36EUY4LM4
38,EI7LXM427LE4WIOQ5U54V3BB
40,V5OJFE3GCDVKSA62LSGPW5E6
41,NXKRPYNT3XZRYHGUED5OQBGH
42,QGSJT55NWIBPAZQIATLZ7G55
43,V2N3X52B4LWFUVMTZQCN5CBN
44,XHMATMYJAZTXOWXACEUS7VTO
46,AK6U5FV25F7Z3GQ43DVTSAVK
49,RYLMZQ2IC574UTTWILKB73ES
50,NELCJYN3677BXW76PLWVRCJG
51,L2Z4MI3G5WXN6AS52Y55RDTF
53,KRKW7VUNYGF36O3Z7FAQ6YXG
54,UK5BZZ5BLXFR5LGS2GITT5IB
55,JEQAH6TWUDBPITIQUEGTRXT6
56,SDHXYXULZ6ZTMHSITTYHRAHA
57,UG4XEFSSWZANFJRHIEGSOCEX
58,4VPAMSFU7CTQRXZA3KNXYTFK
59,XVPU6C2LIDSVZRMGJYGDLQKD
60,MQCAQSV425YQGLSERITRLP7K
61,53KWSSAVU3NHQPX32A2FHV6D
62,44ZVNOH2IK2SZQE3AKWX3FVR
30,3XTF2R3BHL5LPPSMGJ2QHJQC
45,WV5D3525LKPE7P3F3GEDUNZX
39,HSOJFFPY5IUT4HBQLSN7DGJX
12,RJXZFYIPTBJ27AV3IUUT4BRL
52,BAJIZJS2YANDM4M7JHS5DFUK
4,7SR74ARK6JXRBGJRGO2LUHE7
48,YECXNWBIVB4ZABFMZK4W53HU
63,YKUWK3FUALS4CFYG5HJIMS53
64,H2TUQKOCLKJUFX3XAH52M5HN
67,2EUPHFNFSB4J4GBDL2SYVJGJ
68,M2JBIQNJAZIP5YVYS7CZLALR
69,IZ42H4KADWMZS2AQ3USUWI6C
70,O7W664GPYKX3NUS2LLMP5XCG
71,DUUOEWRWRZA5NTLPQCYGT6Z6
72,KA3LORKD7MC3PYJEVNTA5TBS
73,OVR6EKPL57AJOPBA4Z45OQI7
74,2QGQPUII4VGQV6OUMHRFLPYN
75,ZMZXFLPDGFEHMQPX76IB4OQ3
76,Q466Z24KJDYPHZY2353Y4FFQ
77,UGZC47L5XXBEURRXQ62GTQAB
78,EBUVAAJZ3FEJUVPIGEJNLEUJ
79,5PRHUX76567WU3QJH6GJRK4W
81,AFPZZIRFJ6UKQGITNCDTFELO
82,NHVFLOHZ7GS5ZMWVKKDUMMXI
83,L3JEVWZALWGZJNLJ7JAGAG5M
84,TTYNBWNDJR6YSNQQMLZQM46S
86,O4PIO7VEX2IICIP2RGFFKN3C
87,BWBU6RQ63PUYKPLUPLLRC4A7
88,B753OXB6OWZ4PPBOOHPAMHHB
89,XU7PTWDFW5UJ7GLIWVSFLQRF
90,ZBSL2G6L6BN4YED7KNAVM754
91,2KYB26PGYAPUVXC56KYVWB44
92,OVOUR6KFIPZTKJ6KTTO67WVF
93,DIX2QU7W2JWACDVFXMQJZD5O
94,RXWHZKRGAGJ7NL3JTIYKSUAE
96,RPPRSQUTO46MLDJ2KJMB2BRA
97,4IL6M35C3LCTFERWKJH5IZTU
98,SALK6KATDUGS2OLQXS24NVV2
99,YB6KBLGW4NUIJHPVVNPQ5MPZ
100,WBX64IC5EUFODOV2ECKGLTGC
101,6BNBMTTKZLI3ZE3JTCJWEZIV
102,NQ4XH53U6SBHJITINA72OVAX
103,FHMX74FQXDJKCZZPHECQNTZR
104,WFN4V6EWHOPMWQRLELV23AUN
105,3MLJYPZS4D4TV7XCS2U44ZHE
106,TQLOJWF4PZL7W4TCL4J4Z4SZ
107,UBQR4UUVGCLQKBSM72W5IS2P
108,NJH7OTJB67HOCVL5GERIIYEA
110,SGC7EMZRHSTY2JHRE5IDTTEF
111,FC27FLXW4TUBR6P2D2MHHJOO
112,WZFN67G3RBTZ4SMGZ6P35DBX
113,AFDKNJ3M7IY2EN7OLH4KRCAV
114,5P6FUCFK6SYJZTN7O5IL377F
115,RZRTXUKFH6LMF4VTOZ22YQ5Y
116,HLWXAJASFSPJVZTT5243VTF5
117,CCA4OQJBG74OWG57XELOC2J2
118,LBLIPTLAGFUPCXL63ODXWSCG
120,4UPPKTA43BL72GR2GNMXZQQK
121,7PXJSJT7IBMNIYLGG3GUM5VC
122,SBJKEFYKII5HH67NUPKPNDOM
123,QARZXBIU2LN42R2C3IX7JEGD
125,7HHNU3LQRCEGVGBDFZYMEN7X
126,YFQE6LBJ4VCTUO2RYKJB5QD7
109,ROMZZBLG2S6RXTJZIS4SPKBK
80,LOOLDPJUN4VZBEJ3W5R2EHIG
85,FTVL3IN3CWSJUJDTYVJJVU23
95,HILCSTTNNBO2LQISZK5KTJZB
127,T6QCSVEAKBFCHEG52RTY4VCK
129,MMICHVHAHR3QYQ42VLNY35LY
131,TFC7LOLNUCTKZCZQ4X3ELKJ7
133,OQMFGYOK6ZQZ6D5FULTTAUDO
134,W3AST4BMPVTIWZ3NNIXB2T6Y
124,YDLZYFWUWQQQNGTRZENZCBP5
135,L5O3YFAALLUDBRU543OIOUC6
136,IZJNS6CU5DLATL4TXZ3XDCFK
137,YBVE4IRPJQLTEDBWA2WPXAKO
138,IE42ACYYGHZNO4BAWZY6ERNR
139,LETUUHCEOV6XPKOFSNBTL3D3
140,ILZ5664Q2YOCXXM7TCR4UXGZ
141,RLZNHJMX3H6GI6NLV4CNQKTM
142,WG3B3RINZ7AIXHPZ3RJ5KPAZ
143,O6YNIU5QQ6ENKKRTK6AUSAXS
144,UZDMKOBVVEVI67YDKBV3PKAC
145,MBFESKRRPKZL2WS52EL4GXHE
147,M427BTTCY4TXAJBSTYWV5UDQ
148,JW4IUWLB4KKWRZXPXDMX77W3
149,T4ZY6CWFJ6LI7OH7I2U6R7OF
150,SGNABZWBVGFRQU4XGKOR553C
151,J2NUA2GQCUQDOJBDBQUEWJWV
152,S54FKAUORLPEWJJIK7CYK3DW
153,7UL6TWXRIUBGJOWL4IAXMLCC
154,3TRDT2IUGB7SH22LMY5TPNUZ
155,Z7AIIJAM3U3HR6IYDPQOINM4
156,LZPDLESQBUEYNBCINTBVVSSE
157,GMXWAML5TKYYBXKHYBMH2DDT
158,INVHNOJJICX7JKSK54CCBDPP
160,5GAWSZNTLIUCV6N473S7S3QZ
161,AK5NYVRLOZHRMH3OHIPC6VPO
162,AKJHE6WY6NZKFMVL6KWSMX5H
163,VI2SAJFMVVIEGOHMYZDSD4C4
164,V2OY43CO37GLH274YHEO5ABU
165,7QOHKU3C2WTCRJ5TNJXSNBTP
166,SP3TSEAU4FOO7XSAAVENWCIW
167,QOLAX6MMT6OJDW2ETPRKAERL
168,6J4RQOGA5AOCPTJZWNLVAEXA
169,EAEHVVGBLF6RHLSTHI74QVQ6
170,RZXXEFYXH3WXN74YX6LRS5EA
173,35OMFZPKTNAJGKZWBSKIPS5H
174,EKAHUWDWTQK5IEHDAR2BGQHT
175,W7M5EW4IK7TDA54GG67QEM7H
179,DSCNCSJNYVZZHSG74Z2O37QE
180,FF3ZPRRW73UWTQ65BL4APVC7
182,7JBBERLOMRODNNGUFOT34CPQ
183,PAM2M7KUAUIJ3CVOXWVXWGKQ
184,VXQQS2VBYGA6KXCJ4IF2SC56
185,6CMFYLN6YIRYRVG5SRRBZ7FY
188,NXU2DC3KF53Q3BQ3CSVJITHE
189,HMWVYOMJMGV43R3HNEI4DBLR
191,RLTUJMQB5UUY7AZHW5PDUHV4
171,YO3TP6VWB5CBNPZKNYNQSKUW
172,D573CRWGF3Z73VN2NY3DHI3L
190,6CADHILFODRMCII55WHSHZ6V
177,3UOU7PODQJXIM6BEPUHHRRA5
128,I3D2K5SU7JJDS2LEEQM3W3SO
193,P34OM6JOCMMIEQMA65E4OI3N
194,ICOIWUET5GIWWSDSPJ7RYJQQ
195,4GMNAHXMUXC5VUH4UYMKD6EG
196,ZA5Z4HT5MOJPYYEQY2X7STLX
197,BBFIVXCXOEHHFWOS2XMPTW4C
198,3BAEWLAJEJZVIT7VC2LDIRNV
199,R7Q3ADVMVK5DLOD43C64GWJ2
243,7AHOFSCBUA6LFELZSHBJ7M74
200,572PGVN4FCFMN3D46RF5EJPT
202,RWYY5IOXGZUT2OPVWGVF5SYB
203,D5JND5QKNDZL5GA5REF5XZTD
205,YQF4634PJETKNUL6ADZ4RRW4
206,OFPWNRO3FNTFB6S6A7RD76XT
207,77MNCE2XEGC43DNOUCFLS2KM
208,64RUXY2S4BJ436Z2M77CGKA7
209,6YREL7OAGAGUVND6QATROM2X
210,2QM3PJS4OSWCXA557PRP4DDL
217,MVOCQCTE72AEXAKUW5OWGZSH
225,DDIHDWGENDUT2J5AOQ64TGPH
226,GLQS7BAIYPKXPEHVUPPTNUCI
220,CVBS4CX3MGQ2Y6Q45INSO263
227,HOHJBNJNEMKD2EMVJP2ZYF2I
181,CUSGWVK3I4TVHJH7NHPFAP2L
228,JKP4AMSAKRXDZHAYUX5BEMQ6
65,VIL6M54V5UQOLZ6MKZLRAOWY
229,4WTSG74DD52SP2VZS4WRJA45
230,OBMZMSXFY5C7SX3ZZFSUPNTV
231,B3SAIL4FR4Z4YL2ONHHTSONF
16,BMUFDHMMOLZWQLUNJMQED2GP
232,CDYCL6EXTYWWVPBEB3X7HZS2
233,OJYAMYQ5UJI73UMKC4YMTVEZ
234,D7S3VY3WFICALCUBSOCS7NMQ
235,JZXKXK3DMRSYQCFQ53SEUE5K
236,NSNRI5BR7SB4S4TH3W36F26W
237,5SRAIADCX5E626OGO7LYHFZD
238,T4GOVUMXDLMUYVHMEZZ5NVTV
239,VN4RZR36HQHKX4T2ZR7M7UO7
269,XNMHANLE2XI45CDKHGNZCRRK
223,25OPJFS6AQU3ROUADEVDYF5E
212,C62OJVVH7XOTOTFZSJT727YU
211,RKFOW2BJ2UIGZ6GYHFZX4BHF
222,7S2S3KC6XWEGKGTSIW66GBJX
221,4T7Y257BCOAID5IKGPXOVORQ
240,YCOQCPUO7TJB53OM2VLVSTWC
241,VCIXRSI2O2H7HD65RT5LZ3LK
242,6VORGAY44I6V25BCVFAIWCSN
204,FXGHY3FQ6PUVIIQ6EB3CJFGW
244,CU5BMDN5U654FJOM5QU6HLR7
192,KZLBDERD7NZFELVOLOQJLADT
245,JR2IYHHUH7PHPG2DIF4WLYJO
246,7CUEFPE7HRDX7BJQVEVD4N4Q
248,Q4G2APLPZNOU4XV72H6GYP54
249,I44PU7NTQ2RKUNRZGD3UIGUX
250,IGMARHSR3IS5UOGRYN2CEMQD
251,4QMH3KA5VPLW4DUTXZWITB3D
252,3NQIBNAT6ZIBJV3NZKMFJFBW
253,JUE3VEO7Y3KVVSCA7V7KXY3K
254,DLQURJA6UWFVRFMLJUDA2M5Z
130,DPAKSDGGIIU3JRGIDNMS7RSG
257,PK3KAPGHQJXJCKMJ4SU7V5JW
258,UOPRUH5Q7GYGWE2YOK43UGOW
259,S6HSKUHAFHLQ2UB63AD6ECKL
260,2OCWEUQFX7IHVJFYMUOF55YU
261,VDOWVPVVSBH5KUHTIP4G56AT
262,JFQDJHCAGLZUA4JPGFGTEKV3
24,ZV4PLWZMKXHKHM6T5Z6RFAE3
264,6QCS3DG25AGWNE77BXBLFKVB
265,UL5YUOYQ2F5LZXN4RCM43GAF
267,HGKM3ZQBFR5TDSAPVVN6D6NC
268,NDWL72EFFBJSJTZQJCBN5R7U
270,5YHEW7BMWFDRKNSFQDCWZN7L
271,2ALEBXED6HMDVSW6DIMFLJ2P
272,LEEWIYEZSPCYOCCY6BHNTE54
273,HLT4FRIB5Z2C6O4M2UUAVUS5
274,6L2WRGGFE4VISYSU3OZIZ7TL
275,DCZXJCNKN3APBWDYVT7PIW45
276,PBAWZHQJVWWPNLTYHKMZXYFE
263,NHJ6M55E7ZEHUFNMEG4QIZWY
256,GOLYTYSBLVQXLD5R6Y4RMO7M
247,ZJJK3FQV535XXBL7RTM2JLXB
266,H5XARBFTJ7BRAHK5RG5DH2DC
277,7HSBTKKDIMOPPHYAZNIHLL3W
278,R5C2BKYKKASSKEYHAT6AFCOL
279,G42B4RI57WLTDHDCD4PMU3MJ
280,4B6CAZ6GBFQV2DK75DYGLHB6
281,44VZYFGGCNKM7U73XK5ZD7U7
282,NYBCYEIN2PNNMQBUBKC6X2U6
283,JG7B2YUK4YL3SPNKKXCOGCXX
284,YZJEVZO7YAYVFPCRRDOVRWMA
285,IQDGAEIXNOAWG3AVLVJH6HBZ
286,PYYVBREFZLVFI5QDX4C66R4Q
287,QAXTKAENGU6A6EPNZQKUM47L
289,GGSUKN3FJFMWXYZAWEMBWQZY
290,RYTQEXSAZPWZSSYITYGVG4K7
291,NJ6R5LEVTYWQEKC4XASTKZBC
292,U7XAOYDZDR7NMSSPGT2CXUQO
293,ZIMXJ464TN2AMGR5NAOCKMFX
213,MCETC4BSFWGKQIEMMN364L2T
295,Z4WHVO6K4QR4NSPFS3BTTXEO
296,BUGKRRI3LMQ74IN5D3RJKIBW
297,SL5RJNUEBGJOS4NFDL5TCSYS
298,HH5YQ45ACPQIKM735MYYIWPT
299,UT3NO7EQGUE7K63ZIALIC7QP
300,F6AVEG7BPQABY7G77WOVGLQ7
301,IUJABG2VMEIJGGGJGE2KIKBJ
302,PQ6AUF5RS43GAIKBGZHPPCYK
304,5LKQCF5FF3GLF5UPKJ6IXYYG
305,QG2XXKSHU5D4PUC55XXKOS4S
306,PVX5NEAVJ4MQ44UYFHPWZ2SW
307,VE7LNDM3IW35CKFGPKMHID4G
308,XJK7M5R2YLX4UDXI3LYQILIK
309,WGYEEFADVXA7X4KRF2R4CDK4
310,M5OOLCLZBG757WRF2QUKDEFN
311,UYRKL6NQEHMACNBMXIS33VGN
146,B54ZPFB4PBVBWY2K6JZNBOD5
312,SC2WHAIAKQPXKOBNA7O5PFHE
288,25OPRCWYEIZHDTWUADKPTX3Q
313,SGZEYWABUI3HZNBXMG5L5ESP
314,KE7ELFIKEFISYJMB244CFULM
315,VN2ESW3R2HFL36IQB4FJTMGH
316,WN4CDRNSU64ACIXN42LXL5II
317,37IOAS4X5OHP34DPN55OLFBF
318,634RJDDOR5UT6LKQAEZ7GTQR
218,DKBFG3K6XTYSVEQEQVCFZBWY
322,HR6J4O7P55CZ5VVC6NRHMZ2M
323,7EAN5YC4H7MWFQTAMFDXVR4P
324,UJCSOPXT5STD5HJTHOQM4AUX
325,BYMOQMBRAB25QU6RBYAHVZZ5
326,BRS25WBFDJIPJGRFVYTEPI2R
327,GK3HTIO6AROROTH2KP7OUD5M
328,7WH57SOSXJRYLFBVKY3PF3AL
330,6SGTLID7AELEOMN3SFTKTJEQ
331,M3REBH7YQWCVES2KLJJQUGUW
332,PIMUBBRWK4EHXRVNGTUXCH3C
333,YSY4VQNJWZMA6NSH3Z2TCSIS
334,OCE3JJUWNMF4OVBLYXWCZ36L
335,4RS7F7MLPM74BIC3U4YUDK3Y
336,PQ374USVQ2CDWYDU4P4VICVR
186,KTTDKEJDYAQ7MKSNPMBDOYYX
337,R72BCPCY543A6XFT73SOOGH6
338,EZNG4RKRZZ7TTNODTQTSOHND
339,PABY3EUB7OMYKCLMFZ6X3ZVG
374,YMQHRIIQOUHHSVAWVQSPPYLW
340,CCPJDATDAJT5IZC2Q6M4MZPT
341,4MVNASPYXKFNWKKFWWURUYMJ
201,SJG3CBEHSM6A3I74YXLH6GLA
14,AK53UXEU2X7JUZMX7VY3GZAO
329,BTT3F5UT5LCLEEBZGUZ4GVHQ
321,3K4LSGH6WJZNPGI4UNNUR4W4
28,FGOE6VD55GZRETNYSNOKUJZO
342,4ZBJCWV5NZUBDJXCSIV4TKIA
343,GPHZONV5IDA5OUZLFGTKNFNU
345,2V6UTEOZ4IR3WPZJAWTN6Y7C
346,DAPUEFLIFGRTT3HZIISPVMFF
347,SKC4XYF2AQLXBPOFDVNEXQZ2
348,Q4XYRO7R365IOOW5JCIILVFE
349,56GP2Q2VSPN7TVCXA3NAYEZY
350,D4YQTTKEGSW3VYCY36VOHUR2
351,W2BYPPSEDLNNXA67JK6WMVNI
353,D2TM7G2LB6VJPIDYHWMRLJQ2
354,22LGJYJD2TW3PSJ37CVQ46LB
355,RYSHRWRM3YYCBORU6QBUPA6N
356,IMPRTDIZUHLETK7S4TSEQ6MN
357,TIGGSYS2J2PSTSI2NIU67U7Z
358,VS2OWCDWMTWO6ITJSKJXQZUA
359,NTXOMFJLAR74LH4GLBHJMXNS
360,DJWDLX4GBVCVXNL3WYXXD7JG
361,JJB7JWBLOG3HI2JI7UAQNDP7
362,AZ5TULIEK5NJ6VTMP7B6DJUW
363,OYUKEPFHT7XQGPSKWUHT7JHW
364,D44UGPXERIZAXNCG2VXZP5I3
365,LHPG7RO4A3K3MAEAMOA5XGM5
366,QYK74AH52WTJGQ5A376KH6VJ
367,SC7ZQDYGC5IXE55ON3VQR5YB
368,FNDAVAB6GIJQLFPWCTUHK6QO
369,3OFRGD3XQY2W5RRQYRWHG5KI
370,2E5BU7R5PQJ7OXRXBXMQTLSL
371,3XJY42I4Q4CTURJOPLDWQJFN
372,6NSEHDSBVKYTX3SHWHOOIJMO
373,ZMKJSZKEW24IB7DOMS4LGSIU
375,YMNBNYWEKI2BEKVVGTVE6OUH
376,RVSRXQJZ4LA3IDGTTRCA7JIN
377,T7ODAPZUB27YDSMBLKKGVXQ6
378,XT5AK2O5S2OAA2Y6GD4DTV5X
159,K5UBFDWZSYOHS4HI42NVQMJK
379,HO5QWPMU35OEL4G7F7RTDQMY
380,KVXS6VUZ36HDREF7PNTTI64X
381,LY7YCSWQAPEUFMFC2TSBXTC2
132,HDJ3EC3TGIV3UPD32FQLYIFP
383,T7MU7F6CABXHLLSWTBE26RIT
384,EGFTGGHJSKF7A4VDS6DUN5J2
385,N36AXMAR75OH4EWIMJIU5WOH
386,BSYPNSV7T3IMRWZ6532XY65I
387,WM5BFBJLPUJPB7YQHVARW7DU
388,XBXL5Y5CH4BE3EYSVTFNOISJ
389,DARAKANFSA2ZB4LDU7KV4FXD
176,5UL74VURKJ25VSPPPO3H2NYB
390,IX2YLYLJIFMZ56AG4LPOYV2J
391,3YOPVMOD3HN5FNV4P4H5QV5T
392,HKTVR76V7V5DRMAO7SEUX7MA
394,DEZHASAR6LYBLJGQJSRYG3EB
395,A7MF26CMS75H6APVYNE75JID
396,7HBA5JBS63ZLOPW2TROJE4AA
397,FVGYSWFNOL4NRDBNI7B5JV53
399,ZE4SLE3NH7KXWVGB63JEIBLO
400,6I2772USP6JK5R63QRUZDB6P
401,HH7Q5RDLP2XSANKISWOUX4FE
402,ZDV55SRLTMFL3LV7BQDTTC6X
403,XAURD3NWSTT6JKUTSXNK26RB
215,6Q7UQYZ273A5REKZFDZCLJJ7
404,UAIKQNFE72FIDYEOFTEFDYN6
405,2WNR2XEQAAZUROR7BJVHOLGH
406,XZFMPF3EV7K2BCOQZHEFVTBD
407,53FVNBIJDE5BZLVBC3DS4JVW
408,CU5ZGP2EV6OIYXXRW5TW4KDZ
409,VMOLOUVCS4IRTX6AW6KNNWOL
410,VWNEVETQVFYMZZXW6ORHV4XS
398,AP4OPPCC6CSE5F433WMY7TMD
411,Y4KZSWZKUFIGQS4GE5YU5LLI
412,B5KYYHNE6JHMGIMEFFH7FMCM
413,L73PJTIYASWX3ORURHIESV5C
414,JV5XU37SE4NPMEEWJILTVLUR
415,NX32RY5YZ2JIDN2SPRN4EJ2H
416,ATDYJ3SMBVWSWIM3OPS6O23S
417,FKCTXVDRZASTUSEW7GHCZ75P
418,QYN53OYUQBZG2CINRIVORWB2
419,UXOJIER5K5G2UJPTJFVKHUJI
420,57EFUOAWA4JOAUE7IVISSNWX
421,2LI7JHPHZLAQSLXLC6BYS3FR
422,XHGUMDYTPFJLKYNSR4GE4XPC
423,JJRMNWXTOZNTPKBNWBI3LOIY
424,IEDEWMEVSVP7DJEWOVMMOXA4
425,BXUX65DLR5CIJBV3HTLGXC2Y
426,BRDSH5WICJIVUPRS7ELUSARQ
428,G2MVQE7ERCZCXUNL7B4O5TI5
429,YKCANHUFP4SWERCE5S3BRJIS
431,TZRQEFGFUMU5VYMKINZ4ZR2C
432,7LZK2REXWMB23Y766VYXAX3J
214,55JKZ6YQD2AUFWZ45WR2BXVC
433,SDAWYQYFQDDVDNDD7ZO2XI6Z
434,MHEG72J5P6EVQJZ6TDG3KBTM
435,7YEOH2RYBZWLKS6WCP5NFA3R
436,ASKQJEJHU4PHDLJOVDCW6U6K
437,N7KXBQF4LCKLCYNSXP373GN5
438,RWV66SBA6CIYMTLQJYN7UQBF
439,5EV2ZHN6GEKCSCIWNEHXDURC
440,TA4ILOSFUCXNZ2OGSSZUEGLZ
441,H5ZD5Y3TUVBLVHO7VUWQB7DX
442,U3VP5IBCU23CTXP4AWXIEUAN
443,VGCQ5CWPKB5P7VWMDGL4N6Z4
430,T3MMYN6KH4YYZE7LB25SN426
444,FBXTIUNG3HRTIEDBCVCE5GME
445,EMAUK5TYS6O5PLPCDCIRFTNF
219,ZF6B6VBOHAZ5KYONQR36C2NB
449,DNOOKH37A3BN4E4SXCQLJAU6
450,QLI3AUYAC552MNLPXGXAKUIB
66,TVYWRCMOBR5VOOLSE2IIZG7H
451,JJ7RTSDO447PEX22VJY25UR5
26,CUIZDUBUBVAF27VHF4OZXTI3
452,TQWZ4TULGSBLODKZMG6FJ5UQ
453,GBGBZDOZCNES5T2XQW6WYEKA
454,GBPDZXZ5VEJP57G72MTHSETY
455,KVMV4KPWVOH4EYJAFF77JX4N
456,76VHR3W4632SUCCHB24QUXTZ
458,2ZSSHZLBTK4IAOZOZNU6YQZW
459,56CTIHU7LY2S6ZT3IMQO72LX
460,3N4VWFXF35WCQZNUJLLVT5PN
461,6AM7JJ6YDANL6JX7PSA4P3HZ
462,NNE55MAGQGEH7CW7BAZQXJ3P
464,3QKUVGRIEDMEZZC463ANVLNH
465,PL22PZN7MFQ3CRD6SUY3IEQ3
466,EMQTSKBIQK3KOG35ZA2OOZCP
467,W3QOK3QPXTRJDCB4DPJ3LOBQ
468,LJSBYKDQBY5JIZILRQCR76X6
469,UIRGTKHZLIJCEPWJUIODIXHR
470,RSTMFNMBXRCP5WVEDAYM3WUB
471,D2DIUW67CCAVVYKDJHY6NWIT
472,ZIPMIDQTGZMQXPYXCBVJOFMN
473,BCG3AIVLJWGL4E4A47TQ36DG
474,IEZIYZ7653O6LRHFKMRXEA7B
475,GMFAKETPAZJOPV7WRCCHUHSR
476,WPIVMMFQ3KEWQDXHTMJSYGJB
477,X7INJRZZHYBDDIMVPY6OXR6C
448,V56IBJ7NMS5RRDIHG4MOBPZ5
447,SRILPJT2MZT3BVDAZSDBXJ5S
478,ZUZZIC77E6CKNOUFHBOAOTOE
479,MGLE5JJ3S32DQA3YR5WPYH4W
480,W5E7YXVTG3OEYEN2SYQOTJOG
481,MHQPGO7CQXHOPPWX4TJFI5WV
482,H3IXAAVOU76U6DFBULLYHNF4
483,MHO6PZ73SRONP4RKHPX743KO
484,VAKX7R2ULSVRIM6QGKTMHA3N
485,D4PT7DYQL5DZKSW73RASEGB6
216,BBWSCHOGTA7AN4ZDDUKGI7WA
486,5O6M3KI5ROQ5X3BNVBV7QIMI
487,S5E5B42Z3YOMJFLKFTZJZTZN
488,SXXYFDCQUGI7DSHV4QTM7FIG
47,UJYWT4SZRXDY2IOPYAIF6MII
489,LS4NEH7WEQDTT7KF4SQJKMYG
490,Y7WEEVYY5GC3ESHRDAPQBJ5Z
491,KKVD2HQZZDZ7XFUGKNOKDYY6
492,C5S3TPG4JF6AA26MUEX57QI3
493,QI6ILBQTQKZNKPGJ33DXLX3X
494,IRCE2EOKBOKIESIQAHCXHTJV
495,DDGZT5N7FIA5IAXMWJZ774YH
496,KAFXZC63XUU52ISC7D5RWCST
178,H5KVDLSVQ3TJW7SKCDNBDEVC
497,NYRBFC4XYPBGSQ7ZR3YNILUQ
499,7ZPV7YL7LI6WACA7MW4GA2DX
500,RUW2HU4K3CDWM53UJEWK327M
501,MMUNJ6X4G367STJ557YTS3XC
502,5REMZZ5YU22JIWPDZZRIEWTI
503,2K6A7HMIO7YY4MXRDCY575JJ
537,U45G63MLSP33JST2JZS23R4V
504,7EVFL2OHJXJOBV2W5352UWGU
505,CUQDXJZKRYTHZDVB7TPDR2YK
506,VN4WQJSSFIJHEVCKX4HDODAG
507,WPXPP7X73ILZYNMVMGM7RHIM
508,BOAV3QVLO33W4TQ76VYD43ZR
509,5LLWEG5PCQJQL6WW5IFBJZNU
510,4VFC4PH6FIWNYMAFOONZNE46
511,EXVDE7VVYF4PACBWYV7OJQJC
512,XRCVULGJZOFICPXGWOI4FWZR
513,72ZCAUXZQTENCD54K6QM7DQP
514,6FQWZJ7XKSQJ2C3WDIBZP2B3
515,7GBRLLL2CDPTXRWVZQAZMTXH
516,M5EF7QE3KYCCP6C7RQRDY3A5
517,FIVHW5GACLZQXE34Y4MRB4JA
518,MMJFHJRDPR4TLSMVJNUCCSQJ
519,HQK5QRJG545WJNJ7WXNPOI57
521,FQGD6HXBK52KTUAPB36FDYZ3
523,DK7X7A4ECLXAOQMK6J6AN76N
524,MFI26MCBKIPWCRF4BR72K2VJ
525,DSXX5WG7O2E5HWBBJLDKQLSJ
526,ZKZS65BY6WTC4T3GPBVKVSVC
527,MDO54KUBZ5B3DSV7OS7HMY7W
528,P75FRHHCFPTCPYSP65VDVPHW
529,NNLW3QFB4SCBPTF3Q4R3QK7S
530,2A74K4VO5TXJYJJVDDZQ6RUT
531,WINFQDHNGGOR5KVK6ZO7G4A7
532,2VKI7Z3FJAYQZQOV7NBR4NJN
533,D5UIALNVPDWCMADVVDHBCS3X
534,F2KI6EZMNGQDYONPP77SQMVK
535,MNXXAWWXYLOGS5BAS4KSJNSN
457,64BCNQOGF2USDHQLRK62E7DX
536,VBL6Q6S5LBGLFCJEKMZYPS6L
538,XAIHZDSWQ2MQ5RHPC6VTY3AI
539,MT5OIET5OPIYEXHUX7YVQTKN
540,COZEYB323I2T72EUU73PLS4A
522,FRQQORKO3VK7P3VSIR32QDKU
541,RQC4INAEW544B5HWWLI3CX2V
542,TUZGK6KJQCJZVLSWJ4BBSNBK
543,2QMTKRHHEW7SVXJII2W6QJDH
255,E3BGRDDSXQC4BVVGLJQTVJNI
294,AA7SE7MC65QS2IJNSQXWZD7I
446,6DMTFCK23R2EZSPVQMJT5FGT
119,I3ASMMTCDAWWX3V7AIOZWTR2
498,WO7I2Z66IEAZGQEL4YNOH36C
427,DG4477I3NOB53FE2RWVWGK44
319,KD6C7B3XWJBAFRCLSCX7FTFG
546,QBTE7HOF7TDOVZS5CW66OQKW
548,OBGH7NEKZFMWWEEJEZCN5DPE
303,CYYIJ2LTZGLLS4YLPIKMEZXY
549,S7RPG5JXTDG7M5SCC7G6OSA7
550,THTTQMQSPSQUL6YNGIHDWKT3
551,UPUDZUQIE4I2NPTR7ALVSJE5
552,X3QVFXOIMTNXSB4JQGP4RI6A
553,2U5WMR7MBJ4KI76XQF5437F7
554,YN6OLW7PGT6JCC7JLYK6ZLIQ
555,CHDN2P6WZP42EN4GFSMQFSKH
556,FJO62BNGFWEKIVCX5TODJPNF
557,JXNPUXPAL6VYCS4XEXVRJDGK
558,M4JYS7EJ6SF34AKXEWFIK3JY
559,5U5G2KW45IVPTPWLOYVVT6AP
224,KCAHPTCAMP5NLKDFKWZBV43E
382,GLNIA6HUGFRXN2FRDQ7ILDE7
520,P3DSVEIAI6HFFZLXLFLKAB4S
352,JYES6HFUFY5A364LX52FGPY5
393,QONZWIJ4YDMWWMH7C7NPUTYT
344,YAKR7CPXY4Y6B6FAOWRCWOB2
320,EKZKD775F36BLONCQ7EXF7ZS
187,4CEPXXFDQQ46VQJXBT4B4AUO
547,6D5LMAPEWCC7D4XUWEJ6ZULO
560,7DA2QLBWQP4AXXNZI5PHTAAU
561,L4FDGPNJF25UGMOZ3KQDHVUF
562,P4TPJ2UWOHYTAIQIC5I5JBYE
563,L675HEGSOHO7ANLT742HGHV6
463,HSJHYFKIMGDGY5TE6HYQU6OA
